rating,max_rating,r1,r2,r3,r4,r5,no_of_problems,contest_avg,practice_avg
1328,1328,1243,1216,1099,1166,1054,38,923.8095238095239,1258.8235294117646
1455,1641,1574,1506,1450,1539,1439,1040,1005.7268722466961,1347.3554735547355
2143,2281,2249,2077,1941,1946,1916,1301,1385.2551984877127,1663.082901554404
1044,1126,1066,985,1006,1057,1031,148,844.1176470588235,1123.6842105263158
1464,1765,1500,1527,1588,1517,1511,1348,1052.027027027027,1332.4166666666667
1507,1507,1481,1490,1476,1477,1354,91,973.6842105263158,946.6666666666666
1435,1524,1391,1404,1524,1498,1391,94,965.0602409638554,1290.909090909091
1269,1319,1256,1192,1277,1206,1319,139,878.8135593220339,1238.095238095238
1097,1195,1162,1132,1134,1083,1111,434,861.6279069767442,971.264367816092
1444,1444,1411,1355,1314,1312,1278,236,900.0,1152.671755725191
1025,1394,1002,1043,1006,934,970,108,868.2352941176471,991.304347826087
1245,1376,1155,1207,1227,1230,1232,1311,930.8510638297872,1307.8882497945767
846,951,951,845,830,851,807,194,820.0,897.7653631284916
1116,1255,1255,1159,1166,1057,1079,37,954.5454545454545,800.0
1454,1716,1447,1409,1386,1372,1397,587,1044.8275862068965,1356.7164179104477
1581,1745,1673,1653,1513,1475,1538,1456,1094.686907020873,1469.2142088266953
1619,1619,1598,1566,1522,1523,1457,545,998.1751824817518,1263.09963099631
939,1117,974,979,960,1010,1117,34,871.4285714285714,1333.3333333333333
1076,1131,1131,1054,1059,1085,1085,38,845.4545454545455,906.25
1229,1229,1087,934,902,838,781,218,842.8571428571429,1024.5901639344263
1433,1582,1403,1407,1377,1389,1395,593,1014.9584487534626,1354.3103448275863
1271,1290,1290,1284,1153,1125,1094,451,867.1641791044776,1146.09375
1767,1778,1698,1607,1672,1734,1678,1287,1112.2257053291537,1692.7685950413222
1360,1424,1330,1328,1307,1376,1422,110,963.3802816901408,1125.6410256410256
1380,1438,1390,1385,1399,1437,1393,949,937.3786407766991,1155.7200538358009
1197,1308,1308,1297,1203,1109,1194,37,941.6666666666666,1061.5384615384614
1176,1211,1194,1211,1179,1165,1119,174,855.2631578947369,927.9411764705883
1035,1063,963,997,990,1039,1063,163,847.457627118644,1155.7692307692307
960,1049,983,974,1045,1049,938,23,808.3333333333334,963.6363636363636
2616,2705,2499,2530,2603,2609,2581,973,1591.2820512820513,1486.503856041131
1322,1535,1270,1347,1451,1290,1329,145,1059.2105263157894,1415.9420289855072
1419,1672,1497,1553,1640,1665,1565,123,1146.5346534653465,1477.2727272727273
1542,1788,1461,1417,1435,1437,1534,673,1124.6606334841629,1303.8961038961038
1493,1518,1518,1475,1457,1496,1494,88,947.887323943662,1411.764705882353
1434,1486,1400,1474,1486,1408,1316,168,963.0952380952381,1223.8095238095239
1176,1211,1194,1211,1179,1165,1119,174,855.2631578947369,927.9411764705883
971,1219,1085,1148,1219,1173,1198,217,860.8695652173913,1059.278350515464
1342,1473,1311,1385,1284,1326,1345,81,1000.0,1100.0
1091,1371,1120,1150,1047,1101,1051,197,861.9047619047619,917.4193548387096
1688,1897,1740,1724,1879,1897,1817,132,1145.4545454545455,1300.0
1185,1254,1205,1140,1254,1206,1193,38,916.6666666666666,1237.5
1421,1588,1447,1497,1588,1460,1570,150,1020.253164556962,1381.6901408450703
1336,1336,1304,1305,1232,1231,1203,120,933.3333333333334,1141.3333333333333
1424,1645,1446,1456,1394,1440,1511,1128,969.1666666666666,1312.7252252252251
1059,1237,1094,1108,1154,1163,1237,359,866.9642857142857,1157.8947368421052
951,1018,989,905,968,991,1018,29,830.0,800.0
1200,1200,1187,1094,1141,1100,975,42,920.0,982.3529411764706
1459,1459,1373,1307,1336,1389,1359,186,1007.8947368421053,1112.7272727272727
2145,2145,2019,2022,2068,1973,2000,108,1313.4328358208954,1573.1707317073171
1639,1639,1590,1554,1531,1476,1446,374,1062.5,1563.986013986014
1252,1252,1175,1144,1142,1147,1124,300,885.483870967742,1009.6638655462185
1770,1883,1767,1800,1694,1536,1394,1140,1133.6309523809523,1410.0746268656717
2072,2146,2145,2139,2091,2047,1924,324,1245.138888888889,2148.8888888888887
2295,2491,2274,2157,2203,2226,2246,1145,1462.3931623931624,1883.205268935236
1361,1361,1328,1150,1258,1326,1258,38,1016.1290322580645,1057.142857142857
1916,2228,1931,1928,2052,2139,2228,350,1180.672268907563,1588.7445887445888
1641,1726,1679,1610,1570,1604,1726,583,1046.2121212121212,1224.7648902821318
1017,1017,1006,974,913,844,801,187,847.8260869565217,973.170731707317
1688,1901,1686,1743,1740,1837,1895,1068,1158.8235294117646,1686.658795749705
1657,1665,1661,1654,1665,1648,1508,1137,1020.6766917293234,1388.633754305396
1300,1404,1404,1365,1378,1352,1254,282,929.4117647058823,1145.1776649746193
1315,1381,1246,1229,1381,1237,1230,405,921.09375,1177.2563176895308
1387,1493,1349,1442,1383,1254,1386,49,984.7826086956521,800.0
969,1336,1007,844,820,913,955,237,907.1428571428571,1222.3021582733813
1358,1543,1468,1543,1529,1476,1334,107,988.0,1217.5438596491229
1372,1479,1375,1367,1382,1444,1479,416,973.9583333333334,1095.982142857143
1313,1494,1417,1424,1494,1387,1259,348,944.4444444444445,911.25
1449,1626,1548,1522,1534,1626,1580,1428,987.3417721518987,1450.5511811023623
1204,1466,1177,1201,1237,1312,1296,181,1000.0,1271.7948717948718
1629,1689,1601,1674,1539,1639,1565,221,1011.1801242236024,1251.6666666666667
1049,1130,1004,950,959,934,935,38,851.7241379310345,955.5555555555555
1643,1654,1599,1597,1569,1605,1644,325,1068.1818181818182,1402.923976608187
1188,1239,1158,1237,1239,1214,1182,50,887.5,1184.6153846153845
2827,2972,2700,2668,2577,2577,2641,1625,1693.0760499432463,1720.967741935484
1148,1329,1194,1266,1329,1307,1139,206,890.7216494845361,1046.788990825688
996,1048,1048,1030,1009,1037,958,106,823.0769230769231,1092.5373134328358
1064,1064,1007,1063,966,851,843,285,810.0,882.6415094339623
2123,2123,1964,1841,1955,1923,1993,93,1202.7777777777778,1357.142857142857
1414,1532,1463,1416,1340,1387,1371,625,978.9272030651341,1373.901098901099
972,1206,1041,1120,1124,1125,1148,29,892.3076923076923,1400.0
1389,1426,1414,1389,1357,1302,1369,1221,926.1324041811847,1241.220556745182
1183,1255,1241,1234,1243,1255,1235,195,911.1111111111111,1206.060606060606
1069,1095,1095,1060,1020,1018,1036,88,861.1111111111111,1053.8461538461538
1029,1182,1070,1085,1086,1101,1072,134,846.8085106382979,1016.0919540229885
1098,1241,1105,1111,1118,1142,1134,241,869.2857142857143,1021.7821782178218
1592,1706,1665,1525,1530,1452,1428,222,978.9473684210526,1161.4173228346456
1460,1462,1462,1381,1436,1379,1413,231,963.4615384615385,1232.4022346368715
1401,1416,1234,1359,1306,1291,1364,51,1002.8571428571429,1043.75
951,1021,763,864,770,878,809,275,844.4444444444445,860.0806451612904
943,1008,991,911,945,1008,935,124,853.3333333333334,837.6146788990826
1048,1089,1058,1001,972,1064,1049,412,865.8536585365854,1032.6145552560647
1177,1216,1216,1174,1126,1090,1200,41,903.3333333333334,1190.909090909091
1779,1959,1799,1782,1864,1923,1810,261,1197.816593886463,1681.25
1053,1185,1133,1138,1083,1081,1064,353,861.4583333333334,953.307392996109
1202,1211,1114,1211,1126,1048,1086,106,886.0,960.7142857142857
977,1051,954,906,960,973,1051,74,837.5,839.6551724137931
1775,2007,1739,1877,1966,1997,2007,399,1251.8072289156626,1947.1518987341772
1396,1403,1309,1301,1366,1359,1399,402,915.0943396226415,1185.59670781893
1711,1971,1647,1793,1881,1917,1971,405,1170.344827586207,1868.8461538461538
1165,1165,1135,867,823,871,872,230,800.0,982.843137254902
1731,1731,1662,1628,1658,1610,1545,203,997.0588235294117,1523.8805970149253
1196,1708,1338,1367,1389,1455,1438,1427,999.4949494949495,1411.9301648884577
1042,1042,1024,983,968,990,980,136,826.4705882352941,913.7254901960785
1441,1956,1578,1513,1615,1568,1612,1002,1185.4889589905363,1880.9782608695652
1479,1529,1529,1514,1450,1416,1492,1252,966.6666666666666,1321.953488372093
1428,1428,1376,1351,1385,1371,1379,294,951.3761467889908,1307.5675675675675
1551,1551,1471,1502,1380,1380,1333,706,956.7415730337078,1101.142857142857
1103,1386,1125,1122,1247,1237,1252,36,962.8571428571429,1100.0
1051,1150,1074,1064,1083,1136,1148,145,850.0,1076.5432098765432
990,1107,980,973,1044,1007,1051,178,865.9090909090909,1144.7761194029852
1091,1190,1087,1104,1046,1047,1022,381,846.875,1179.8107255520504
1811,1811,1772,1756,1745,1794,1741,999,1108.4967320261437,1728.2505910165485
1018,1018,891,889,827,828,859,50,846.6666666666666,837.1428571428571
1272,1312,1258,1288,1312,1252,1230,180,896.0,1005.3846153846154
1658,1687,1612,1439,1544,1454,1512,885,998.5559566787003,1462.0065789473683
1322,1322,1265,1234,1206,1225,1202,438,874.6987951807229,980.0
1281,1281,1209,1230,1205,1211,1231,129,888.4057971014493,1258.3333333333333
1456,1510,1387,1342,1424,1357,1442,731,981.8897637795276,1217.2185430463576
1437,1437,1419,1401,1321,1251,1275,50,947.7272727272727,1550.0
1463,1522,1423,1409,1417,1433,1515,751,952.4344569288389,1302.0661157024792
1060,1085,1039,1004,1021,999,870,656,854.6511627906976,999.8245614035088
1106,1157,1157,1088,989,947,919,167,841.6666666666666,1167.2268907563025
1508,1523,1523,1420,1394,1357,1347,85,971.7391304347826,1138.4615384615386
1030,1039,1039,984,953,934,957,284,848.936170212766,1062.4472573839662
1089,1138,1138,1106,1028,978,994,142,871.4285714285714,1118.1818181818182
1035,1035,981,977,879,839,943,391,840.0,1091.7553191489362
1088,1157,1157,1121,997,940,871,294,830.0,866.0583941605839
1034,1372,969,918,953,990,990,718,879.3103448275862,1031.8181818181818
1548,1634,1634,1605,1589,1555,1583,98,1078.8461538461538,1089.1304347826087
1753,1753,1560,1562,1584,1553,1508,243,995.5223880597015,1311.9318181818182
1210,1219,1170,1165,1210,1163,1219,379,890.625,1175.2161383285302
1198,1267,1267,1192,1055,1033,1064,159,851.7241379310345,1052.3076923076924
1476,1479,1395,1386,1322,1310,1333,1269,979.608938547486,1177.277716794731
2156,2249,2100,2131,1990,1991,1922,670,1478.0,2304.8076923076924
1664,1664,1636,1580,1553,1522,1474,264,1006.7961165048544,1444.72049689441
1048,1052,1052,900,906,892,847,267,826.9230769230769,865.5601659751037
1926,1926,1860,1885,1873,1864,1739,207,1130.8943089430895,1328.5714285714287
1089,1102,1001,988,1058,1045,1102,233,846.875,1005.9171597633136
1432,1432,1353,1307,1394,1359,1412,109,971.604938271605,1328.5714285714287
983,1380,1056,1082,1058,1085,1056,55,885.1851851851852,1264.2857142857142
1315,1844,1378,1377,1361,1473,1513,518,1105.9139784946237,1538.2530120481927
1173,1205,1154,1205,1115,1162,1127,282,889.4736842105264,1050.0
1029,1114,998,1114,1074,1024,1073,93,921.0526315789474,1490.5405405405406
1923,2046,1920,1930,1954,1936,2046,736,1286.6863905325445,1302.7638190954774
1886,2006,1894,1903,1895,1885,1775,518,1168.918918918919,1414.8648648648648
1106,1185,1081,1111,1098,998,1038,339,851.1363636363636,1145.019920318725
1725,1725,1620,1592,1593,1643,1555,1206,1028.0973451327434,1347.3474801061009
2246,2349,2185,2234,2256,2233,2349,259,1409.4594594594594,1896.2162162162163
952,971,908,857,820,843,891,24,837.5,975.0
1585,1618,1603,1618,1572,1549,1476,1180,1071.875,1548.4313725490197
1091,1126,1126,1064,983,1006,1009,175,830.952380952381,1006.7669172932331
2611,2611,2526,2563,2510,2599,2524,306,1435.1239669421489,1957.8125
1223,1490,1091,1113,1119,1169,1261,483,1042.798353909465,1367.0833333333333
2296,2296,2269,2217,2267,2266,2172,109,1422.3684210526317,2457.5757575757575
1314,1388,1260,1192,1158,1002,1045,1118,918.0451127819549,942.8426395939086
1280,1386,1227,1320,1293,1235,1284,172,1028.5714285714287,1045.6896551724137
1469,1490,1409,1443,1461,1345,1368,453,1027.5862068965516,1456.989247311828
1846,1908,1908,1838,1767,1783,1745,504,1138.095238095238,1628.138528138528
1547,1548,1546,1490,1517,1546,1536,599,1082.089552238806,1099.812030075188
1414,1476,1357,1397,1469,1383,1350,356,952.3809523809524,1446.4114832535886
2747,2747,2700,2684,2723,2482,2409,299,1708.7628865979382,2070.4761904761904
1736,1736,1640,1514,1477,1500,1542,71,1186.842105263158,1236.3636363636363
1207,1481,1277,1240,1129,1230,1151,380,975.438596491228,1340.66985645933
1743,1995,1869,1747,1701,1699,1740,1003,1228.759894459103,1538.4615384615386
2176,2228,2160,2139,2228,2070,2023,47,1339.5348837209303,1550.0
950,1106,982,897,956,1014,1106,96,862.8571428571429,932.7868852459017
1969,2074,2033,2074,2064,2028,1949,255,1196.3963963963963,1324.3055555555557
1007,1260,1045,1060,1074,1144,1115,274,882.0512820512821,1096.1702127659576
1360,1501,1380,1501,1369,1384,1322,365,1009.5238095238095,1324.6861924686193
1120,1120,1087,1094,1025,1026,949,79,858.3333333333334,1116.1290322580646
2112,2267,2114,2055,2187,2182,2181,353,1284.6846846846847,1637.603305785124
1413,1413,1368,1317,1322,1242,1230,51,932.3529411764706,1288.235294117647
2027,2237,2047,1970,1907,2044,2005,1323,1265.8602150537633,1922.8180862250263
1308,1422,1370,1347,1276,1302,1259,111,1027.0,1418.1818181818182
1962,2111,1928,1951,2063,2036,2054,91,1265.432098765432,1900.0
1184,1184,1131,1078,1118,1175,1053,171,923.5294117647059,983.2116788321168
1688,1897,1740,1724,1879,1897,1817,132,1145.4545454545455,1300.0
981,1023,972,1023,995,882,882,330,804.5454545454545,883.7662337662338
2336,2385,2291,2385,2318,2290,2197,553,1565.625,1676.6037735849056
978,1375,950,1010,1057,990,1025,51,871.1111111111111,1166.6666666666667
998,1037,1037,965,777,755,811,75,823.0769230769231,846.9387755102041
1120,1120,1022,936,931,914,952,122,830.2325581395348,926.5822784810126
1231,1231,1199,1154,1152,1084,1071,252,857.5,1074.0566037735848
1359,1522,1250,1210,1277,1407,1401,1366,940.37558685446,1439.2888117953166
1883,2189,1903,1933,1999,1987,1997,1167,1359.850374064838,1838.6422976501306
1648,1664,1545,1520,1544,1567,1523,286,1074.698795180723,1204.1666666666667
1285,1328,1328,1288,1292,1324,1247,174,916.3934426229508,1464.6017699115043
1517,1713,1523,1543,1641,1664,1713,322,1015.0943396226415,1189.351851851852
1510,1517,1450,1416,1385,1467,1517,53,1004.1666666666666,1520.0
1557,1599,1529,1500,1523,1526,1535,139,1045.8333333333333,1335.8208955223881
905,967,952,908,938,942,967,118,815.0,865.3846153846154
1508,1590,1590,1548,1563,1563,1502,230,975.8064516129032,997.6190476190476
1626,1784,1596,1585,1529,1602,1717,282,1043.9130434782608,1148.076923076923
1484,1545,1478,1477,1442,1432,1503,933,1016.5492957746479,1293.6825885978428
1502,1548,1438,1490,1548,1462,1412,53,985.1063829787234,1100.0
2153,2212,2153,2111,2086,2205,2204,119,1343.5897435897436,1850.0
1397,1397,1318,1307,1332,1376,1382,1544,912.7777777777778,1090.9824046920821
1509,1687,1571,1683,1687,1514,1439,150,1074.468085106383,1431.0679611650485
1031,1109,1082,1043,1095,1109,1017,56,888.0,1100.0
1210,1378,1257,1346,1353,1349,1350,215,898.5915492957746,1168.0555555555557
1277,1374,1344,1374,1340,1230,1190,193,897.3684210526316,1238.0645161290322
1426,1426,1390,1299,1236,1265,1172,75,1034.4827586206898,1582.3529411764705
1613,1684,1594,1555,1559,1497,1539,458,1028.6486486486488,1430.4029304029305
964,972,972,890,819,852,816,193,814.2857142857143,866.6666666666666
1291,1346,1288,1346,1309,1254,1281,362,896.1904761904761,1115.5642023346304
1426,1595,1429,1510,1466,1500,1515,138,1051.7241379310344,1778.4313725490197
1321,1322,1317,1281,1320,1322,1318,41,960.0,1127.2727272727273
1118,1133,1128,1107,1068,1052,977,207,877.3584905660377,910.3896103896104
1155,1171,1057,1073,1089,1140,1151,361,860.0,947.2027972027972
1950,1950,1898,1822,1910,1886,1888,187,1207.4074074074074,1921.8045112781954
1546,1848,1646,1659,1848,1805,1839,806,1042.4418604651162,1233.2807570977918
1136,1216,1060,1034,1091,1100,1060,79,871.4285714285714,1137.5
1048,1181,1022,1150,1002,1047,1058,290,886.1538461538462,989.3333333333334
1313,1402,1210,1225,1241,1138,1161,31,903.448275862069,1250.0
1064,1098,916,913,882,780,734,554,821.3483146067416,850.1075268817204
1356,1500,1374,1373,1367,1390,1414,1168,929.4354838709677,1387.1739130434783
1326,1326,1224,1214,1203,1272,1190,69,984.6153846153846,972.0930232558139
943,975,842,817,845,856,884,381,815.5555555555555,916.0714285714286
1533,1565,1442,1442,1320,1474,1460,184,1025.6944444444443,1342.5
1154,1154,1124,1089,1069,1087,998,118,850.0,1187.2340425531916
1355,1399,1370,1399,1303,1239,1219,184,935.0,997.2222222222222
1262,1354,1306,1354,1332,1332,1301,67,979.2452830188679,935.7142857142857
1176,1176,1104,1135,1171,1168,1149,395,841.5584415584416,1064.7798742138364
2203,2252,2197,2248,2252,2159,2100,446,1269.5652173913043,1724.0740740740741
1122,1122,995,1021,1070,1080,1072,61,850.0,958.974358974359
998,1422,1023,1092,1134,1065,1084,266,890.0,952.9661016949152
1628,2314,1705,1710,1668,1722,1833,1064,1381.981981981982,1837.0967741935483
1507,1593,1514,1555,1556,1401,1521,81,1053.1914893617022,1544.1176470588234
1037,1096,1061,1014,1071,1032,1034,90,842.3076923076923,825.0
1597,1597,1595,1517,1310,1300,1402,194,1053.5714285714287,1418.840579710145
2582,2582,2458,2369,2323,2396,2322,1427,1474.0458015267175,1688.8117283950617
1215,1221,1097,1122,1067,1135,1219,605,878.3783783783783,970.9981167608287
1598,1598,1583,1532,1528,1536,1556,455,973.6,1203.6363636363637
1262,1262,1249,1223,1191,1179,1214,130,893.6170212765958,1062.6506024096386
1013,1061,1043,1061,963,1020,1034,30,870.8333333333334,1050.0
2186,2298,2138,2269,2286,2298,2274,878,1401.2269938650306,2236.083916083916
1431,1431,1352,1248,1329,1284,1304,241,928.8461538461538,1135.7664233576643
1373,1416,1301,1262,1291,1403,1416,65,988.8888888888889,1124.1379310344828
1783,1783,1767,1684,1585,1595,1636,217,1120.0,1217.8343949044586
1345,1366,1310,1329,1366,1285,1270,201,923.170731707317,1180.672268907563
1049,1113,1111,1068,1103,1113,1098,394,851.0869565217391,994.3708609271523
1448,1467,1467,1397,1280,1348,1310,872,971.2418300653595,1129.7635605006953
1075,1075,989,1032,1058,1006,913,134,812.5,966.3636363636364
1254,1297,1283,1243,1297,1261,1270,611,863.5761589403974,1165.2173913043478
1349,1375,1343,1236,1276,1315,1260,550,955.8951965065502,1057.943925233645
1477,1477,1361,1378,1391,1397,1402,345,905.1020408163265,1185.234899328859
963,963,896,742,630,593,592,63,848.1481481481482,961.1111111111111
1339,1585,1388,1365,1374,1417,1367,165,1036.3636363636363,947.7272727272727
1806,2123,1708,1812,1846,1845,1751,474,1357.0469798657718,1664.6153846153845
1164,1164,1139,1058,952,958,928,109,857.4468085106383,1246.774193548387
995,1082,970,997,984,999,1072,53,825.0,1100.0
1414,1426,1426,1218,1261,1309,1295,169,940.5405405405405,1363.157894736842
1556,1747,1699,1562,1553,1573,1613,647,1083.5526315789473,1575.959595959596
1266,1266,1237,1175,1146,1058,978,489,863.6363636363636,1117.752808988764
1115,1115,1065,875,994,926,904,481,884.6153846153846,1135.8241758241759
1278,1278,1266,1232,1087,1144,1117,79,918.75,1406.3829787234042
945,1012,925,976,1003,1012,979,319,832.4324324324324,950.7092198581561
1399,1399,1371,1321,1285,1339,1290,58,972.4137931034483,1279.3103448275863
973,1061,1000,955,989,929,965,28,847.8260869565217,1120.0
935,984,951,883,910,936,984,207,825.0,846.0732984293194
1174,1194,1194,1172,1155,1146,1170,176,874.3589743589744,986.1313868613139
1546,1546,1529,1336,1442,1430,1423,537,1055.8823529411766,1589.7654584221748
1705,1940,1812,1801,1714,1734,1759,1024,1095.0,1567.8733031674208
1049,1131,1053,1017,1050,1025,1081,106,856.5217391304348,842.1686746987951
1172,1172,1102,978,933,995,985,208,890.9090909090909,870.8571428571429
1109,1193,1000,989,1029,997,1009,210,865.5172413793103,1226.0162601626016
1270,1270,1247,1152,1074,1104,1010,97,931.578947368421,976.9230769230769
1620,1620,1539,1551,1522,1542,1467,113,1075.6410256410256,1442.857142857143
1406,1410,1395,1337,1243,1282,1206,76,972.5,1227.7777777777778
1094,1107,1107,940,924,836,919,43,837.5,845.4545454545455
1270,1270,1205,1212,1175,1182,1122,296,885.7142857142857,1014.9425287356322
951,1164,965,876,889,957,873,69,828.5714285714286,1046.1538461538462
3038,3038,2967,2925,3000,2839,2968,375,1788.811188811189,2416.810344827586
1289,1289,1232,1133,1111,1085,1143,124,867.1232876712329,974.5098039215686
2287,2549,2326,2314,2261,2265,2428,784,1553.050397877984,1510.3194103194103
958,958,889,854,815,871,736,272,809.6774193548387,861.8257261410788
1072,1385,1033,1030,1010,1058,918,145,893.75,867.6923076923077
1181,1353,1194,1159,1233,1270,1341,95,943.6781609195402,962.5
1072,1335,1136,1159,1180,1161,1244,92,904.7619047619048,1398.0
951,951,819,868,836,880,758,109,812.0,983.3333333333334
1412,1508,1453,1446,1429,1508,1423,97,1018.6046511627907,1246.2962962962963
1817,1882,1882,1786,1720,1598,1588,348,1047.7272727272727,1346.5384615384614
1984,1984,1921,1870,1925,1969,1924,58,1354.5454545454545,1671.4285714285713
1212,1299,1272,1299,1286,1252,1208,197,916.6666666666666,1077.8947368421052
1145,1237,1237,1151,890,999,1089,39,940.9090909090909,1482.3529411764705
1743,1743,1740,1693,1605,1616,1469,134,1187.7551020408164,1501.1764705882354
2069,2170,2155,2096,2107,2167,2100,1385,1284.0740740740741,1555.695067264574
1592,1814,1728,1733,1814,1753,1690,92,1100.0,1476.4705882352941
1562,1786,1548,1604,1679,1786,1746,129,1045.7142857142858,1120.8333333333333
1602,1764,1764,1657,1714,1722,1522,63,1073.3333333333333,888.8888888888889
1284,1347,1255,1304,1232,1284,1207,447,890.8163265306123,1091.9770773638968
1222,1222,1193,1094,1048,1128,1084,355,840.2597402597403,1135.2517985611512
1281,1964,1403,1458,1487,1509,1518,716,1215.182186234818,1472.5225225225224
955,1016,1010,1016,913,928,938,180,844.8275862068965,1247.0198675496688
946,965,859,921,917,929,965,67,865.0,823.4042553191489
1380,1503,1318,1398,1448,1503,1329,130,1025.0,1338.4615384615386
1123,1123,1009,976,969,835,772,108,842.4242424242424,920.0
964,1103,1020,1074,974,815,843,37,912.1212121212121,1400.0
1524,1665,1486,1543,1537,1665,1585,241,1028.9156626506024,1499.367088607595
1692,2009,1647,1711,1815,1934,1936,319,1226.070038910506,1479.032258064516
1078,1122,1000,1063,1026,1060,1122,266,862.7450980392157,1014.4186046511628
1470,1470,1395,1340,1289,1361,1362,265,950.8474576271186,1100.0
1431,1465,1453,1465,1420,1323,1434,63,967.2131147540983,1100.0
1933,1933,1850,1804,1702,1715,1701,311,1082.6530612244899,1355.868544600939
1089,1160,1160,1159,1133,1095,1101,47,843.5897435897435,1175.0
1035,1425,1052,978,1003,1023,1042,76,960.4651162790698,1015.1515151515151
1762,1798,1672,1744,1760,1724,1628,339,1133.5714285714287,1335.175879396985
1750,1831,1758,1739,1774,1755,1774,865,1090.7335907335907,1403.4653465346535
1869,1951,1951,1890,1907,1802,1680,40,1257.5757575757575,1528.5714285714287
1658,1658,1624,1591,1603,1481,1550,557,1018.3333333333334,1162.700228832952
1130,1130,1071,1009,1048,1056,1095,334,858.1081081081081,1001.9230769230769
1118,1165,1165,1041,1023,1055,1150,269,866.6666666666666,1063.7209302325582
1147,1202,1202,1114,1077,1032,973,313,843.939393939394,963.1578947368421
1004,1365,957,926,882,930,895,441,814.8936170212766,987.3096446700507
1284,1536,1298,1310,1249,1277,1378,745,991.9282511210762,1237.1647509578545
1226,1226,1091,1106,1048,1025,1060,121,842.8571428571429,1079.0697674418604
1172,1172,1098,1048,1145,1112,1078,208,848.9795918367347,901.8867924528302
1511,1537,1495,1486,1479,1537,1475,93,1003.7037037037037,1508.3333333333333
1232,1232,1068,1040,992,881,942,195,859.375,1178.5276073619632
1645,1645,1630,1613,1509,1450,1491,799,956.5543071161048,1320.1127819548872
1090,1291,1054,1031,992,1026,1141,279,941.2698412698413,1368.9814814814815
1319,1456,1311,1307,1391,1437,1415,297,973.469387755102,1171.3333333333333
1081,1177,1131,1123,1169,1177,1164,42,876.0,1223.5294117647059
1661,2110,1655,1659,1671,1757,1954,487,1344.9035812672175,1952.4193548387098
1012,1137,991,961,1047,1057,1098,611,851.8181818181819,1172.4550898203593
979,1105,1045,1105,1044,1045,1025,80,868.75,972.9166666666666
980,1088,956,999,1002,1036,985,332,841.3333333333334,984.0466926070039
1479,1656,1517,1527,1611,1546,1533,1023,1010.5263157894736,1354.2932628797887
1316,1657,1402,1500,1611,1657,1645,101,1103.8461538461538,1095.6521739130435
1046,1371,1136,1198,1283,1273,1324,313,873.4939759036145,1133.4782608695652
2195,2213,2213,2197,2120,2197,2182,572,1289.3401015228426,1349.438202247191
1870,1870,1833,1684,1704,1717,1759,1882,1048.4375,1263.169897377423
959,1054,961,1052,1054,958,913,101,817.3913043478261,1090.909090909091
1906,2260,1922,2035,2114,2038,1978,613,1318.3622828784119,1505.7142857142858
1486,1759,1618,1639,1611,1697,1669,226,1149.3150684931506,1486.25
1643,1814,1631,1744,1814,1814,1726,428,1059.2592592592594,1529.106628242075
1520,1642,1406,1399,1432,1462,1434,208,1121.4285714285713,1488.7096774193549
1025,1031,1026,1011,1031,936,927,247,827.7777777777778,979.6208530805687
1405,1611,1361,1379,1399,1351,1505,124,980.0,1691.8918918918919
1399,1561,1336,1420,1531,1498,1450,1176,1047.8260869565217,1518.3168316831684
976,1369,1059,1089,1100,1118,1092,126,850.0,1139.2857142857142
1658,1817,1585,1657,1751,1783,1719,1564,1132.6693227091635,1558.2635186595583
1203,1203,1148,1072,1000,982,967,84,932.4324324324324,1344.6808510638298
1505,1774,1474,1493,1619,1654,1583,1142,1052.054794520548,1476.70639219935
1066,1243,1201,1243,1204,1154,1122,284,896.6101694915254,1128.0
1416,1493,1493,1372,1315,1161,1124,420,892.5531914893617,1057.9754601226994
1976,2137,2045,2045,2016,2090,2074,497,1274.4755244755245,1369.1943127962086
1465,1666,1592,1590,1627,1529,1551,139,1038.3333333333333,1486.0759493670887
2202,2237,2179,2192,2186,2141,2000,616,1308.6455331412103,1339.0334572490706
1887,1887,1854,1826,1826,1820,1858,271,1034.7107438016528,1361.3333333333333
2256,2364,2192,2220,2364,2331,2331,356,1398.3050847457628,2096.969696969697
1195,1459,1195,1229,1208,1114,1188,279,944.8087431693989,1090.625
1708,1902,1695,1765,1733,1844,1902,50,1252.1739130434783,2150.0
1196,1227,1134,1121,1083,1105,1156,1378,885.3658536585366,1251.851851851852
946,1082,986,995,1009,1024,941,176,817.6470588235294,1010.5633802816901
1345,1667,1417,1407,1455,1528,1667,44,1042.1052631578948,1450.0
1221,1221,1206,1108,1154,1180,1178,115,882.9268292682926,1420.2702702702702
978,1026,876,879,805,906,866,59,833.3333333333334,937.5
1917,2063,1904,2006,1990,1984,1946,238,1281.151832460733,1955.3191489361702
1444,1444,1367,1256,1198,1261,1163,53,900.0,1071.4285714285713
1094,1170,1150,1052,1064,1170,1007,297,881.7073170731708,1015.8139534883721
2232,2373,2373,2336,2250,2083,2072,204,1356.5217391304348,2034.8484848484848
965,1085,947,956,1007,1085,1074,162,832.7586206896551,967.3076923076923
1944,2171,1898,1895,1913,1849,1745,535,1337.9008746355685,1668.75
1036,1079,1063,1038,1079,1041,959,177,832.258064516129,900.6849315068494
974,974,962,919,849,818,790,50,834.6153846153846,825.0
1234,1234,1210,1140,1074,1054,1183,113,897.0588235294117,1305.0632911392406
1706,1838,1764,1838,1790,1741,1825,674,1199.1803278688524,1624.2753623188405
1249,1310,1310,1286,1219,1091,1021,137,897.0588235294117,1691.304347826087
1467,1781,1604,1606,1651,1561,1528,137,1088.785046728972,1633.3333333333333
1013,1154,1049,1149,1078,1081,1048,213,853.8461538461538,1159.2592592592594
980,1079,1027,1051,969,1046,1079,260,871.4285714285714,1056.4853556485355
1345,1667,1417,1407,1455,1528,1667,44,1042.1052631578948,1450.0
1480,1480,1427,1459,1424,1352,1335,711,919.1011235955057,1108.1993569131832
976,1051,935,981,1001,1028,1051,50,844.4444444444445,931.25
1425,1564,1388,1428,1407,1394,1387,1073,975.9375,1262.2841965471448
1287,1376,1279,1317,1255,1160,1097,860,911.574074074074,1182.608695652174
1505,1634,1487,1391,1455,1484,1437,1343,997.3451327433628,1321.215139442231
1254,1254,1170,1182,1120,1071,1128,107,873.2142857142857,1005.8823529411765
1261,1458,1372,1410,1369,1434,1413,77,975.8620689655172,1089.4736842105262
1043,1062,1019,1027,1062,994,996,117,828.2051282051282,993.5897435897435
2083,2169,2154,2169,2069,1993,1932,171,1205.8139534883721,1550.5882352941176
1050,1092,944,899,1020,1044,1067,213,864.3835616438356,1100.0
1615,1622,1585,1622,1556,1472,1491,116,1025.0,1441.0714285714287
1504,1679,1490,1452,1482,1417,1485,736,1128.3505154639174,1618.9655172413793
1084,1084,1083,1048,1051,1049,1024,86,870.5882352941177,875.0
1334,1701,1353,1442,1546,1596,1595,105,1110.6060606060605,1487.179487179487
1026,1246,1022,1059,1088,1172,1085,193,873.0769230769231,1137.5886524822695
1139,1139,1092,1086,1036,983,940,191,828.125,1086.7924528301887
1207,1460,1108,1113,1153,1157,1216,1358,955.6818181818181,1143.327239488117
1254,1326,1326,1269,1162,1175,1179,144,918.75,1081.25
1046,1371,1136,1198,1283,1273,1324,313,873.4939759036145,1133.4782608695652
1442,1593,1376,1477,1593,1536,1555,177,1044.0860215053763,1483.3333333333333
960,960,857,907,905,894,702,77,825.0,836.0655737704918
2248,2269,2251,2269,2187,2192,2186,228,1457.142857142857,1498.3240223463688
1221,1419,1148,1247,1234,1241,1212,1036,908.4967320261438,1073.6126840317102
1106,1106,1100,1078,1059,1008,997,276,830.0,946.3414634146342
1242,1242,1126,1144,1072,1055,1043,358,874.6478873239437,935.8885017421603
1575,1575,1543,1481,1443,1398,1451,143,972.3214285714286,1274.1935483870968
1830,2267,1818,1763,1764,1817,1907,1031,1330.8823529411766,1504.8154093097912
1417,1453,1310,1414,1376,1364,1196,740,952.2613065326633,1238.6321626617375
985,985,963,927,938,872,936,18,811.7647058823529,1000.0
1187,1187,1175,1177,1093,1162,1094,96,900.0,1235.3846153846155
1592,2008,1754,1758,1750,1799,1826,1071,1178.6016949152543,1268.7813021702839
1261,1294,1166,1172,1218,1167,1163,255,882.5396825396825,1158.8541666666667
1447,1447,1344,1369,1339,1306,1303,131,924.4897959183673,1047.560975609756
1189,1414,1331,1414,1338,1335,1329,385,1028.9473684210527,1163.1123919308357
1050,1228,1104,1109,1113,1196,1070,437,895.7142857142857,1016.3487738419618
1619,1748,1625,1748,1587,1555,1546,357,1115.1898734177216,1314.070351758794
1131,1160,1160,1143,1095,1040,1117,353,829.8245614035088,910.472972972973
1273,1462,1432,1462,1342,1288,1300,423,981.8181818181819,1047.179487179487
1813,2004,1850,1876,1957,1978,2004,161,1172.4489795918366,2146.031746031746
1232,1232,1141,1141,1172,1167,1204,177,931.0344827586207,1013.5135135135135
883,1030,991,1030,974,906,959,43,876.1904761904761,918.1818181818181
1682,1682,1525,1530,1572,1536,1411,65,1028.0,1540.0
1623,2000,1581,1599,1585,1613,1713,1150,1116.4893617021276,1720.8939708939708
1316,1430,1280,1315,1430,1366,1265,98,932.0,870.8333333333334
1363,1452,1446,1417,1354,1328,1226,87,1055.0,1136.1702127659576
1822,1837,1837,1680,1793,1790,1783,937,1107.7669902912621,1689.928057553957
1107,1107,1056,1039,1023,1021,953,277,829.2682926829268,1082.2033898305085
1224,1316,1234,1297,1230,1260,1316,75,947.457627118644,1206.25
2123,2230,2181,2155,2114,2089,2048,1022,1356.6473988439307,1892.9328621908128
1346,1791,1370,1322,1404,1455,1469,490,1144.4444444444443,1093.3554817275747
1605,1614,1537,1558,1492,1458,1538,71,1046.969696969697,1420.0
1495,1565,1552,1518,1535,1494,1565,1203,1010.0,1274.1845293569431
1431,1431,1356,1251,1303,1261,1286,276,952.1739130434783,1160.0
979,1058,927,967,1058,983,870,301,819.047619047619,1035.1351351351352
1014,1026,964,978,1009,956,905,428,843.8356164383562,954.6478873239437
1459,1459,1373,1307,1336,1389,1359,186,1007.8947368421053,1112.7272727272727
1407,1407,1300,1316,1290,1324,1300,67,966.6666666666666,1250.0
1026,1026,995,969,939,898,965,203,815.1515151515151,892.9411764705883
1536,1597,1597,1521,1587,1558,1524,1068,1020.6896551724138,1090.316004077472
1434,1508,1471,1457,1508,1479,1487,803,1050.0,1223.5910878112713
1199,1261,1261,1180,1142,1137,1048,143,884.375,954.0540540540541
1694,2007,1758,1729,1771,1760,1812,541,1205.4123711340205,1377.7777777777778
950,1098,1003,1066,1027,1098,1045,593,834.8484848484849,996.584440227704
2313,2465,2320,2311,2327,2363,2355,1131,1517.872340425532,1963.28125
990,1293,996,1082,1181,1144,1182,72,916.6666666666666,1108.3333333333333
1190,1214,1207,1142,1214,1119,1096,69,875.438596491228,875.0
1501,1502,1449,1470,1405,1367,1349,565,978.125,1073.0864197530864
1321,1321,1257,1121,1099,1118,1127,189,917.3913043478261,1177.6223776223776
1085,1190,1038,1088,1116,1190,1121,134,847.6190476190476,1027.1739130434783
1393,1455,1376,1343,1300,1370,1374,158,974.5454545454545,1634.9514563106795
1203,1379,1222,1257,1185,1242,1173,401,948.9010989010989,1189.9543378995434
1112,1133,1133,1111,1054,1020,1063,399,842.6229508196722,1024.8520710059172
1123,1123,1094,1074,1052,961,966,124,860.0,1022.3404255319149
1367,1606,1481,1606,1456,1460,1451,121,1035.2941176470588,1617.142857142857
1296,1296,1271,1149,1123,1116,1057,93,878.7234042553191,1213.0434782608695
1381,1627,1268,1261,1219,1260,1341,189,1060.544217687075,1321.4285714285713
1238,1418,1269,1418,1417,1322,1298,111,958.1818181818181,1589.2857142857142
1774,1966,1791,1783,1741,1745,1812,855,1178.6802030456852,1455.531453362256
1697,1947,1625,1626,1505,1594,1612,174,1202.654867256637,1219.672131147541
1357,1357,1262,1180,1084,1075,1108,213,865.2173913043479,1038.9221556886228
1235,1235,1102,1088,1143,1186,1107,401,961.7647058823529,1276.566757493188
958,1366,1012,1065,1032,998,937,502,882.9787234042553,982.6373626373627
983,1059,1059,1002,939,879,934,89,833.3333333333334,943.0769230769231
1318,1318,1269,1246,1166,1103,1122,203,858.695652173913,990.990990990991
1365,1365,1299,1219,1279,1178,1168,226,925.0,1237.3626373626373
1270,1316,1208,1158,1182,1189,1203,845,858.8235294117648,1002.2222222222222
2186,2298,2138,2269,2286,2298,2274,878,1401.2269938650306,2236.083916083916
1079,1181,1108,1181,1131,1084,1139,400,860.0,1201.0169491525423
1186,1311,1256,1264,1311,1242,1154,56,889.7435897435897,952.9411764705883
1393,1393,1373,1297,1224,1170,1176,138,951.7241379310345,1139.4495412844037
974,974,942,890,849,793,729,196,805.0,904.5454545454545
1310,1384,1222,1300,1325,1368,1373,188,972.0930232558139,1337.9310344827586
2164,2164,2129,2061,2068,1951,1910,597,1291.8032786885246,1818.2835820895523
1288,1384,1299,1334,1358,1322,1373,385,884.4221105527638,1045.6989247311828
1029,1182,1070,1085,1086,1101,1072,134,846.8085106382979,1016.0919540229885
1365,1640,1477,1423,1426,1414,1388,345,1088.8,1466.8181818181818
1369,1469,1323,1309,1373,1404,1469,181,958.3333333333334,1080.1652892561983
1352,1468,1468,1455,1399,1331,1229,268,945.1612903225806,1296.116504854369
1017,1204,953,982,1040,1043,993,221,873.469387755102,1050.0
1365,1365,1233,1266,1250,1277,1247,295,920.6896551724138,1292.1052631578948
2239,2271,2271,2260,2200,2154,2100,303,1302.8776978417266,1536.5853658536585
1051,1094,1094,1041,978,948,946,67,843.75,845.7142857142857
1581,1581,1525,1516,1483,1535,1404,159,1003.9215686274509,1485.9649122807018
1864,1864,1811,1774,1707,1563,1582,225,1136.734693877551,1439.7727272727273
1060,1366,957,960,902,1010,1043,403,853.6585365853658,987.5389408099688
1170,1203,1203,1166,1132,1057,995,326,871.9512195121952,1052.049180327869
1672,1672,1552,1507,1478,1387,1397,178,965.5913978494624,1323.5294117647059
2158,2289,2210,2224,2289,2261,2249,96,1409.4117647058824,2190.909090909091
1447,1447,1383,1279,1333,1334,1355,183,881.1594202898551,1227.1929824561403
1080,1420,988,1080,1014,1134,1237,569,929.1262135922331,1097.854077253219
1075,1501,1181,1108,1162,1178,1182,61,950.0,1134.1463414634147
1434,1434,1356,1363,1356,1354,1293,390,913.6363636363636,1028.0346820809248
1193,1293,1241,1222,1123,1164,1182,77,898.2758620689655,994.7368421052631
1337,1397,1269,1287,1397,1366,1232,321,880.0,910.3734439834025
1739,1799,1723,1720,1630,1659,1675,480,1085.5263157894738,1503.1746031746031
2594,2626,2626,2626,2613,2579,2558,189,1581.5950920245398,1873.076923076923
1657,2068,1663,1637,1742,1725,1894,853,1213.274336283186,1357.976653696498
1130,1130,1075,966,923,934,1004,69,895.0,1300.0
1765,2103,1822,1877,1899,1897,1775,392,1292.6356589147288,2040.2985074626865
1209,1209,1194,1179,1098,1142,1169,542,888.2352941176471,1144.090909090909
1394,1468,1468,1391,1406,1430,1395,346,933.0508474576271,1046.0526315789473
1397,1684,1393,1370,1425,1372,1366,509,1133.2155477031802,1748.2300884955753
1697,1760,1760,1646,1539,1466,1448,313,1053.8461538461538,1529.5019157088122
2107,2107,1931,1911,1757,1840,1742,402,1175.0,1639.0532544378698
1826,2131,1763,1806,1741,1600,1704,280,1337.6,1590.967741935484
1245,1376,1155,1207,1227,1230,1232,1311,930.8510638297872,1307.8882497945767
1464,1491,1491,1420,1308,1237,1353,120,1027.906976744186,1071.4285714285713
2416,2621,2587,2499,2442,2417,2491,284,1582.6530612244899,1854.5454545454545
1015,1049,1015,1036,1049,974,971,175,815.0943396226415,944.2622950819672
1055,1060,1051,1060,1005,946,974,381,826.9230769230769,1092.112676056338
1001,1227,976,1034,1063,1000,1046,76,832.7868852459017,1053.3333333333333
1065,1065,993,1063,1053,1049,979,430,824.6753246753246,950.4249291784703
1184,1279,1253,1210,1206,1122,1106,131,909.7560975609756,1267.7777777777778
1629,1840,1673,1703,1662,1704,1801,177,1151.063829787234,1527.710843373494
1356,1385,1385,1351,1375,1376,1361,782,912.280701754386,1082.4877250409165
1643,1714,1626,1653,1626,1578,1562,416,1068.2170542635658,1290.9407665505225
1354,1364,1364,1263,1331,1253,1254,64,928.2608695652174,1538.888888888889
1245,1428,1244,1277,1215,1091,1102,384,976.0,1017.5213675213676
2176,2176,1998,2069,2001,1991,1926,309,1372.093023255814,2485.3383458646617
1297,1297,1270,1194,1140,1171,1161,71,934.1463414634146,1036.6666666666667
1528,1528,1442,1429,1374,1461,1355,371,997.2413793103449,1180.9734513274336
1066,1145,1145,1105,1032,1094,1067,45,848.5714285714286,1190.0
1737,1737,1717,1622,1621,1567,1572,183,1042.3076923076924,1050.632911392405
1081,1364,1078,1135,1112,1084,1080,847,899.1304347826087,1068.7196110210698
2010,2238,2086,2052,2041,2025,1989,890,1464.6315789473683,1420.0
1714,1714,1621,1606,1593,1593,1526,274,998.9010989010989,1743.1693989071039
1530,1595,1534,1511,1595,1565,1551,712,1001.2345679012345,1429.090909090909
1431,1431,1352,1248,1329,1284,1304,241,928.8461538461538,1135.7664233576643
940,1417,1009,1035,1031,1018,1029,107,845.4545454545455,1037.5
993,993,992,955,951,927,925,174,808.0,923.489932885906
1035,1421,1137,1122,1133,1153,1220,136,973.015873015873,1236.986301369863
1441,1441,1433,1339,1348,1309,1414,233,921.7391304347826,1102.542372881356
1608,1626,1516,1525,1466,1612,1626,365,1027.4336283185842,1470.6349206349207
1445,1465,1465,1354,1286,1266,1284,136,991.1392405063291,1494.7368421052631
1860,1965,1860,1909,1965,1819,1853,150,1204.3795620437957,2007.6923076923076
1084,1276,1173,1220,1229,1276,1262,305,896.3636363636364,1216.4102564102564
1114,1114,969,925,895,824,885,73,823.8095238095239,860.0
1446,1446,1382,1297,1285,1158,1234,161,943.75,1342.6356589147288
1525,1652,1522,1547,1481,1401,1476,707,1039.344262295082,1529.032258064516
1648,1662,1573,1528,1561,1601,1543,980,1064.9122807017543,1323.238566131026
3131,3344,3035,2976,3039,3162,3344,969,1868.9411764705883,2959.926470588235
1058,1236,1048,1112,1178,1208,1236,63,879.3103448275862,1152.9411764705883
1286,1359,1210,1359,1275,1229,1250,477,921.7741935483871,1149.5750708215298
1118,1221,1221,1177,1216,1186,1205,159,875.5102040816327,977.2727272727273
1522,2022,1598,1512,1601,1708,1837,596,1252.5568181818182,1509.4262295081967
1397,1397,1357,1286,1307,1277,1285,1243,939.080459770115,880.8823529411765
2023,2416,2346,2355,2236,2173,2294,64,1498.2758620689656,2333.3333333333335
1347,1347,1291,1285,1294,1280,1275,55,932.6086956521739,1022.2222222222222
2809,2955,2915,2946,2895,2820,2754,491,1690.8415841584158,1835.632183908046
997,1368,792,830,898,951,934,165,926.829268292683,1105.6451612903227
1146,1390,1065,1094,1161,1146,1127,107,906.4516129032259,1015.5555555555555
1370,1449,1392,1449,1340,1348,1274,233,928.8135593220339,1133.3333333333333
1334,1334,1281,1169,1162,1105,1091,175,868.0,1018.0
1022,1055,1055,1033,963,997,1004,412,826.1904761904761,940.2702702702703
1593,1656,1560,1594,1564,1475,1424,147,1045.0,1272.340425531915
1350,1491,1406,1350,1352,1221,1155,84,1011.9047619047619,1226.1904761904761
951,1090,1009,1018,982,935,1050,266,868.9655172413793,1199.15611814346
1617,1998,1757,1766,1826,1817,1823,365,1239.4833948339483,1385.1063829787233
1123,1185,1154,1168,1185,1162,1099,117,876.4705882352941,919.6969696969697
1073,1073,1037,1000,1024,907,720,267,824.4444444444445,903.1531531531532
1279,1410,1256,1246,1263,1293,1270,77,985.2941176470588,1132.5581395348838
2447,2680,2569,2623,2651,2680,2563,609,1450.2659574468084,2018.0257510729614
1325,1390,1390,1315,1213,1277,1249,541,932.3699421965318,1169.5652173913043
2032,2032,1879,1920,1953,1952,1903,678,1292.4528301886792,1777.8969957081545
1259,1369,1175,1169,1261,1277,1176,163,927.027027027027,1193.258426966292
1023,1093,1016,1066,1093,1026,900,46,844.7368421052631,1162.5
1046,1050,1020,1044,1050,1034,916,247,830.5555555555555,856.872037914692
1698,1907,1686,1796,1847,1893,1815,357,1247.3333333333333,1346.376811594203
1281,1426,1256,1210,1120,1130,1219,1167,952.8239202657808,1124.9422632794458
1929,2175,1880,2025,1964,1904,1891,989,1242.3857868020305,1514.2857142857142
1669,2109,1667,1673,1659,1695,1721,1165,1298.2378854625551,1519.1897654584222
1061,1189,999,842,946,1015,921,51,1038.4615384615386,1458.3333333333333
1313,1494,1417,1424,1494,1387,1259,348,944.4444444444445,911.25
1562,1786,1548,1604,1679,1786,1746,129,1045.7142857142858,1120.8333333333333
1339,1385,1319,1326,1385,1376,1261,533,905.0505050505051,896.7741935483871
1566,1731,1615,1511,1570,1578,1617,78,1201.639344262295,1423.5294117647059
1348,1348,1318,1289,1221,1218,1115,316,950.0,933.5820895522388
1391,1394,1371,1379,1295,1311,1378,314,932.0,1212.55230125523
1177,1191,1066,1166,1191,1167,1166,581,856.4516129032259,999.4219653179191
1369,1369,1315,1347,1271,1243,1275,525,905.4054054054054,1006.8736141906874
1069,1109,1109,1024,1054,1013,1000,114,841.3793103448276,1068.235294117647
1281,1591,1399,1429,1480,1591,1574,162,1092.5925925925926,1116.0493827160494
1118,1165,1165,1041,1023,1055,1150,269,866.6666666666666,1063.7209302325582
1140,1165,1142,1044,1057,1068,1165,203,880.0,1008.4269662921348
1322,1372,1265,1249,1162,1137,1074,92,990.9090909090909,1427.027027027027
1153,1229,1139,1229,1187,1121,1161,789,871.7948717948718,1091.0666666666666
978,978,949,976,838,819,761,123,808.3333333333334,859.5959595959596
993,1225,1063,1131,1225,1187,1095,59,874.5098039215686,987.5
990,1370,1004,1091,1094,1028,1138,215,880.0,1140.0
1310,1440,1373,1440,1400,1308,1326,232,934.0425531914893,1128.2608695652175
1160,1387,1232,1321,1267,1334,1377,1022,920.8791208791209,1170.78410311493
2228,2228,2169,2138,2142,2076,2019,119,1326.4150943396226,2418.181818181818
1052,1080,1072,1073,1075,1080,995,191,843.9024390243902,1008.6666666666666
1412,1683,1417,1440,1510,1590,1597,66,1057.142857142857,1029.4117647058824
1089,1089,1038,986,936,982,849,109,825.0,984.9462365591398
960,1131,1070,1111,1128,1131,1099,22,833.3333333333334,1500.0
1625,1625,1508,1465,1373,1548,1568,252,1032.258064516129,1097.4842767295597
1178,1224,1145,1224,1101,1146,1130,390,851.8518518518518,985.7142857142857
1277,1424,1342,1389,1424,1361,1288,35,948.3870967741935,850.0
1611,1727,1609,1640,1674,1602,1600,104,1144.6153846153845,1292.3076923076924
1398,1405,1371,1360,1386,1405,1385,140,924.7191011235955,1098.0392156862745
1773,2022,1720,1801,1921,2022,2003,647,1266.4835164835165,1542.756183745583
1216,1216,1134,1088,1124,1152,1123,56,889.1891891891892,1126.3157894736842
959,1054,961,1052,1054,958,913,101,817.3913043478261,1090.909090909091
971,1004,1004,878,826,864,837,164,803.8461538461538,939.1304347826087
1162,1203,1069,1112,1038,1014,1096,105,915.1898734177215,1296.1538461538462
1872,2032,1890,1894,1820,1836,1870,824,1230.4615384615386,1410.8216432865731
1114,1114,1108,1002,962,980,966,41,847.6190476190476,865.0
1781,2018,1793,1822,1772,1857,1906,351,1191.5360501567397,1634.375
1090,1138,1062,993,1013,978,1094,386,837.9310344827586,1125.2100840336134
1216,1216,1161,1044,1031,1059,1005,590,860.7843137254902,995.1762523191095
1384,1384,1367,1271,1254,1307,1227,169,930.8411214953271,1266.1290322580646
1514,1625,1476,1625,1586,1539,1594,117,1003.5714285714286,1320.0
1123,1123,1066,1069,1041,991,1003,174,846.4285714285714,1038.3561643835617
1162,1253,1175,1098,1007,960,1039,300,860.8695652173913,1170.8108108108108
2172,2179,2087,2051,1953,1952,1963,588,1313.1410256410256,1740.2173913043478
2047,2072,2005,1888,2012,2020,1860,984,1277.2609819121446,1519.0954773869346
1206,1206,1168,1140,1111,1169,1144,218,875.0,1144.6236559139784
1125,1305,1145,1098,1085,1059,1071,92,902.8571428571429,1154.5454545454545
1394,1394,1337,1260,1307,1296,1261,159,948.9795918367347,1082.7272727272727
1058,1236,1048,1112,1178,1208,1236,63,879.3103448275862,1152.9411764705883
982,982,922,850,897,858,835,405,838.8059701492538,943.491124260355
1351,1375,1375,1280,1293,1230,1218,56,947.6190476190476,1157.142857142857
1318,1373,1301,1373,1221,1208,1190,118,886.7924528301887,1041.5384615384614
1256,1415,1357,1332,1397,1412,1374,57,984.0,1614.2857142857142
1449,1565,1468,1502,1474,1507,1415,824,990.8474576271186,1356.837606837607
1090,1193,1140,1010,1045,1041,1095,123,882.9268292682926,1068.2926829268292
1411,1411,1346,1244,1202,1213,1252,63,954.2857142857143,1250.0
1064,1119,1108,1119,1098,1072,1066,205,864.4067796610169,962.3287671232877
944,944,861,886,903,899,913,42,812.1212121212121,944.4444444444445
1257,1299,1290,1281,1293,1283,1299,375,897.4358974358975,1111.2403100775193
1232,1268,1203,1260,1235,1172,1177,394,887.9518072289156,1036.0128617363343
1476,1855,1507,1561,1585,1647,1668,592,1189.519650655022,1322.0385674931129
1159,1277,1193,1200,1254,1163,1154,198,926.3157894736842,995.0819672131148
1204,1245,1220,1194,1245,1141,1144,80,878.5714285714286,1400.0
1308,1386,1324,1332,1348,1338,1358,1515,927.027027027027,1055.3782095766828
1969,2181,1920,1994,1986,2018,1930,785,1369.0582959641256,1727.1386430678467
2472,2472,2347,2343,2392,2316,2112,1063,1468.6440677966102,1586.2433862433863
1441,1607,1443,1474,1445,1505,1403,295,1023.6024844720497,1070.8955223880596
1349,1505,1485,1480,1424,1400,1384,128,1082.051282051282,1280.0
1897,1897,1868,1794,1736,1736,1620,154,1089.655172413793,1970.4
1216,1216,1134,1088,1124,1152,1123,56,889.1891891891892,1126.3157894736842
940,940,881,858,830,804,702,205,806.4516129032259,948.8505747126437
1384,1424,1249,1308,1298,1306,1410,230,961.25,1460.6666666666667
1555,1614,1441,1500,1463,1480,1552,530,1010.6382978723404,1138.532110091743
1141,1184,1184,1164,1124,1123,1120,220,856.5217391304348,1202.8735632183907
1404,1404,1356,1309,1335,1303,1273,60,950.0,1410.0
1359,1460,1371,1358,1318,1271,1268,241,1027.142857142857,1092.982456140351
1008,1016,1016,975,856,833,811,156,886.3636363636364,868.6567164179105
999,1379,1041,1133,1160,1153,1142,348,911.2149532710281,1336.5145228215767
1250,1463,1268,1273,1336,1266,1328,113,992.7710843373494,1013.3333333333334
1151,1151,1100,1113,1041,1001,979,182,843.2432432432432,1084.1379310344828
1149,1149,1107,1081,991,987,991,416,875.0,1066.4948453608247
1054,1144,940,990,921,859,969,151,820.4545454545455,848.5981308411215
1414,1581,1457,1431,1514,1581,1417,185,995.6521739130435,1381.896551724138
942,961,947,858,645,737,754,46,823.5294117647059,962.0689655172414
1726,2002,1724,1793,1837,1868,1950,386,1365.7142857142858,1512.7962085308056
1567,1621,1621,1553,1492,1456,1370,388,1004.5454545454545,1115.2173913043478
1180,1241,1157,1042,1070,1123,1063,380,885.1485148514852,1096.415770609319
1382,1501,1336,1336,1362,1407,1361,167,966.6666666666666,1535.064935064935
1674,1674,1596,1525,1372,1438,1462,77,959.0909090909091,1545.4545454545455
1487,1526,1493,1526,1478,1358,1427,94,1024.5283018867924,948.780487804878
1366,1468,1356,1468,1281,1226,1232,135,973.170731707317,988.2978723404256
1300,1438,1384,1438,1362,1344,1333,378,905.0,1280.8724832214766
1716,1726,1624,1624,1597,1647,1617,202,1132.0,1671.1538461538462
1377,1604,1328,1351,1487,1453,1477,238,1050.9433962264152,1328.030303030303
1054,1054,974,937,927,1036,1024,50,864.7058823529412,881.8181818181819
1217,1282,1282,1136,1097,1103,1114,137,858.9041095890411,1035.9375
1481,1489,1489,1433,1380,1448,1451,538,938.421052631579,1276.7241379310344
1527,1599,1599,1543,1574,1494,1436,238,1031.2977099236641,1567.2897196261683
1977,1977,1833,1691,1678,1648,1798,1578,1130.1020408163265,1568.0173661360348
2255,2376,2225,2295,2311,2238,2233,656,1444.963144963145,1671.8875502008032
1319,1736,1428,1541,1519,1539,1514,1195,1025.3164556962026,1278.6120591581343
1269,1272,1212,1149,1255,1121,1146,158,909.7087378640776,1163.6363636363637
987,1017,1017,946,962,887,833,214,821.2765957446809,883.2335329341317
1280,1280,1165,1249,1147,1173,1154,83,894.8717948717949,1122.7272727272727
2033,2159,2021,2088,2059,2132,2135,1015,1193.5574229691877,1677.8115501519758
1635,1846,1671,1542,1550,1611,1569,439,1068.75,1248.4848484848485
975,1047,1047,1012,1000,1018,991,213,807.1428571428571,912.8654970760234
1439,1439,1384,1348,1397,1351,1272,120,982.5,1191.25
1701,1701,1612,1573,1555,1487,1448,643,1116.6666666666667,967.23259762309
1308,1330,1292,1312,1269,1278,1239,280,900.8403361344538,891.9254658385094
1502,1502,1474,1261,1327,1334,1266,363,959.1397849462365,1249.1525423728813
1478,1478,1442,1210,1065,1195,1151,108,946.3414634146342,1104.4776119402984
1287,1381,1283,1288,1321,1331,1307,163,917.0454545454545,1280.0
1043,1240,1103,1199,1182,1240,1160,293,857.3913043478261,958.9887640449438
1176,1316,1316,1294,1264,1160,1125,180,955.0,911.4285714285714
1001,1081,1081,1064,982,894,873,471,830.0,853.880266075388
1055,1060,1051,1060,1005,946,974,381,826.9230769230769,1092.112676056338
1426,1426,1341,1358,1289,1265,1342,855,948.122866894198,1137.544483985765
1612,1612,1535,1565,1424,1427,1436,225,1058.8785046728972,1338.9830508474577
1363,1363,1334,1294,1284,1199,1052,79,929.4117647058823,1135.5555555555557
1219,1328,1286,1258,1187,1250,1292,850,884.4444444444445,1151.7482517482517
1180,1436,1258,1150,1225,1330,1320,117,992.9824561403509,1208.3333333333333
952,969,937,969,930,870,753,224,819.2307692307693,859.5959595959596
1376,1445,1398,1373,1364,1396,1442,406,970.8333333333334,1459.7902097902097
1231,1231,1228,1150,1188,1120,1008,75,912.5,1028.5714285714287
1315,1328,1328,1255,1286,1293,1300,523,897.4025974025974,1434.4173441734417
1206,1219,1096,1022,1137,1083,1200,149,929.0322580645161,1037.2881355932204
996,996,863,852,888,859,877,179,832.0,965.5844155844156
1695,1900,1680,1777,1800,1772,1699,1264,1170.5607476635514,1471.3826366559485
1178,1275,1275,1226,1227,1248,1190,269,882.2033898305085,1248.3443708609273
2060,2060,1972,1954,2018,1969,1890,129,1256.6265060240964,1871.7391304347825
1474,1654,1520,1505,1638,1603,1616,61,1030.7692307692307,1866.6666666666667
1620,1692,1525,1547,1559,1509,1485,1547,1118.1122448979593,978.008658008658
1493,1644,1475,1478,1532,1644,1609,295,1025.2173913043478,1388.888888888889
1322,1389,1248,1316,1239,1357,1389,254,967.5,1533.6448598130842
1503,1654,1408,1533,1584,1564,1604,1097,1012.8865979381443,1518.936877076412
1853,1930,1827,1901,1920,1930,1930,57,1267.9245283018868,1875.0
951,1010,949,932,917,959,1010,75,806.6666666666666,915.5555555555555
2254,2254,2182,2184,2049,2034,1977,503,1346.376811594203,2155.0691244239633
1494,1564,1433,1369,1446,1468,1462,133,1056.0975609756097,1219.6078431372548
1398,1598,1517,1457,1416,1498,1472,1172,992.4603174603175,1334.6739130434783
1041,1389,1100,1077,1025,1051,1141,171,884.2857142857143,1083.1683168316831
1005,1191,1073,1128,1065,1191,1103,616,858.4905660377359,998.2238010657194
1214,1377,1175,1172,1184,1118,1106,570,911.7647058823529,876.1078998073218
1234,1234,1168,1183,1128,1168,1086,200,889.795918367347,1067.549668874172
1068,1068,1006,1034,1012,1021,1004,367,839.3617021276596,968.1318681318681
997,997,965,964,881,896,829,72,826.0,895.4545454545455
1064,1164,1135,1164,1074,1111,1129,114,884.4444444444445,1108.695652173913
1341,1341,1273,1199,1138,1217,1118,150,862.0,853.0
960,1170,982,1087,1165,1022,1003,68,864.0,888.3720930232558
1078,1078,1060,1040,940,961,895,309,817.3913043478261,918.5314685314685
1760,1779,1656,1699,1689,1779,1724,405,1163.7755102040817,1512.4401913875597
2342,2372,2310,2359,2372,2347,2190,77,1449.2307692307693,2358.3333333333335
1140,1140,1130,1102,1093,1057,883,107,886.4864864864865,960.0
1441,1782,1571,1436,1537,1550,1586,353,1147.7941176470588,1756.221198156682
1326,1442,1396,1442,1315,1297,1367,82,990.9090909090909,1355.5555555555557
1330,1692,1323,1425,1462,1337,1303,621,1038.5113268608413,928.8461538461538
1253,1425,1270,1244,1288,1221,1272,453,904.8387096774194,1413.5549872122763
1626,1743,1620,1696,1743,1704,1623,404,1046.3157894736842,1402.9126213592233
1087,1087,1059,1003,1010,973,992,370,827.5862068965517,1112.0234604105572
1173,1202,1180,1202,1181,1081,1050,745,866.2921348314607,1130.6402439024391
1580,1690,1545,1551,1432,1541,1556,417,1046.6666666666667,1626.923076923077
1021,1143,1143,1021,801,762,766,62,882.3529411764706,978.5714285714286
1700,1778,1677,1740,1740,1725,1697,318,1079.113924050633,1767.5
1999,1999,1948,1975,1969,1880,1900,140,1189.0756302521008,2257.1428571428573
959,1390,1014,993,1038,1059,1036,44,888.2352941176471,1025.9259259259259
1306,1306,1174,1215,1182,1225,1118,60,881.3953488372093,1100.0
1037,1096,1061,1014,1071,1032,1034,90,842.3076923076923,825.0
1322,1322,1243,1132,1070,1153,1196,52,952.6315789473684,1314.2857142857142
1324,1341,1341,1249,1279,1211,1204,285,869.5652173913044,967.3640167364017
1113,1153,1153,1117,1093,1103,1136,46,905.0,1123.076923076923
1980,2148,1934,1782,1943,1884,1938,188,1313.1868131868132,1883.3333333333333
1592,1639,1433,1475,1551,1413,1479,561,1002.8301886792453,1304.297994269341
1648,1648,1604,1578,1606,1583,1496,836,978.0952380952381,1418.849840255591
1042,1257,1078,1014,1048,1097,1127,251,882.5757575757576,973.9495798319327
1076,1216,1102,1134,1163,1184,1194,226,948.0,1242.0454545454545
1228,1352,1247,1223,1291,1286,1262,333,917.9310344827586,1287.2340425531916
988,1074,1032,964,1010,977,988,78,841.6666666666666,1021.4285714285714
1765,1765,1722,1742,1712,1622,1543,150,1073.9130434782608,1244.2307692307693
1079,1091,955,920,940,956,937,239,830.7692307692307,1012.6760563380282
1064,1078,1078,1039,1010,1056,1070,222,815.9420289855072,1045.0980392156862
1048,1048,1026,919,902,872,813,157,825.925925925926,898.4615384615385
1459,1459,1388,1353,1336,1366,1369,169,962.8571428571429,1351.5625
1349,1404,1393,1385,1384,1383,1314,194,944.927536231884,1585.6
1217,1217,1161,1124,1105,1027,976,155,861.7647058823529,998.3471074380166
1671,1840,1667,1727,1638,1726,1810,250,1103.4965034965035,1250.4672897196263
1015,1019,974,1003,1013,1019,1005,198,827.2727272727273,879.8701298701299
1102,1367,1045,1002,962,823,849,209,815.2,863.0952380952381
1202,1211,1114,1211,1126,1048,1086,106,886.0,960.7142857142857
1019,1019,955,866,971,975,847,47,834.0909090909091,900.0
1512,1512,1489,1421,1327,1278,1352,149,987.5,1266.6666666666667
991,1435,1034,1064,1092,1228,1137,214,1027.0833333333333,1509.6385542168675
1125,1264,1152,1203,1215,1264,1168,897,857.9310344827586,1122.340425531915
1719,1765,1683,1649,1639,1641,1587,480,1068.6746987951808,1499.0445859872611
1635,1655,1655,1565,1521,1510,1494,192,1044.927536231884,1278.861788617886
1021,1111,1090,1111,1082,1103,1047,112,840.9090909090909,1152.9411764705883
1294,1294,1239,1185,1121,1071,1027,684,860.4651162790698,1170.8108108108108
1364,1364,1343,1287,1243,1179,1087,116,939.080459770115,1124.1379310344828
1564,1564,1539,1536,1442,1414,1453,74,1076.4705882352941,1239.1304347826087
2218,2266,2175,2205,2092,2127,2181,907,1287.1473354231975,1801.8707482993198
1651,1769,1624,1548,1522,1656,1694,573,1128.0,1220.5673758865248
1001,1012,934,999,954,1005,870,92,866.1290322580645,1076.6666666666667
1217,1217,1185,1214,1191,1097,1134,97,909.0909090909091,1247.1698113207547
999,1014,910,858,866,874,916,50,818.75,858.8235294117648
1219,1219,1206,1117,1007,977,1003,98,842.2222222222222,892.4528301886793
1870,1901,1873,1901,1812,1763,1835,100,1191.3793103448277,1454.7619047619048
2024,2199,2016,1955,1953,1888,1828,1016,1328.2913165266107,1819.423368740516
1819,1954,1893,1843,1813,1881,1934,546,1144.8669201520913,1546.643109540636
1405,1445,1445,1358,1319,1256,1344,256,1059.6774193548388,1241.2371134020618
1105,1257,1151,1169,1257,1239,1113,64,894.1176470588235,1030.0
1210,1214,1187,1214,1208,1108,1091,112,885.0,1247.2222222222222
1346,1346,1311,1342,1189,1153,1153,790,888.8888888888889,1246.8265162200282
1198,1241,1241,1196,1233,1209,1228,126,900.0,855.1020408163265
1603,1939,1565,1724,1736,1778,1741,1237,1181.2778603268946,1533.6879432624114
1333,1343,1221,1234,1326,1329,1343,30,970.0,870.0
1222,1222,1196,1126,1126,1131,1161,116,920.8333333333334,993.4782608695652
1354,1364,1364,1263,1331,1253,1254,64,928.2608695652174,1538.888888888889
1983,2208,1898,1930,1994,1962,1898,1064,1356.25,1835.4700854700855
1020,1058,1009,1005,951,1058,960,633,868.5714285714286,1044.4816053511706
1691,1691,1685,1612,1571,1521,1456,619,1030.7317073170732,1191.7874396135267
1179,1374,1130,1193,1225,1304,1302,809,945.5205811138014,1242.171717171717
1609,1942,1756,1784,1878,1738,1809,504,1168.2119205298013,1164.851485148515
1254,1776,1272,1190,1330,1410,1595,295,1189.795918367347,1561.9289340101523
1047,1047,1025,962,945,933,855,102,842.1052631578947,976.5625
1957,1992,1961,1942,1827,1809,1819,454,1231.6602316602316,1583.076923076923
1124,1124,1102,1101,1067,1054,1063,146,837.5,1170.4918032786886
1538,1538,1488,1478,1397,1415,1404,1088,989.9441340782123,1153.3553355335534
1417,1466,1439,1437,1437,1466,1387,50,1061.3636363636363,1733.3333333333333
1064,1364,980,893,1005,1051,1023,333,886.9158878504672,887.6106194690266
1061,1078,1033,1052,1078,987,962,250,836.5853658536586,896.1722488038278
1359,1522,1250,1210,1277,1407,1401,1366,940.37558685446,1439.2888117953166
1197,1394,1240,1271,1321,1394,1294,372,890.1234567901234,978.0068728522336
1340,1418,1265,1323,1355,1367,1315,325,937.9310344827586,1142.857142857143
2251,2251,2143,2147,2114,2091,2146,327,1393.939393939394,1888.5964912280701
1283,1401,1280,1338,1329,1291,1230,189,950.0,1225.5813953488373
1341,1341,1205,1190,1071,1070,1049,73,908.3333333333334,1004.0816326530612
1272,1377,1211,1277,1328,1342,1250,558,914.2857142857143,1209.9216710182768
1101,1718,1154,1146,1056,1112,1191,1582,1055.9934318555008,1155.704008221994
1708,1829,1829,1763,1691,1654,1576,461,1102.1978021978023,1831.1827956989248
1155,1190,1180,1157,1179,1190,1136,766,859.5744680851063,1019.9404761904761
1852,1852,1803,1804,1714,1628,1684,211,1067.4418604651162,1171.7948717948718
1933,2206,1810,1756,1836,1858,1931,1432,1341.4473684210527,1696.3592233009708
1189,1189,1075,984,963,993,1102,72,861.9047619047619,1362.7450980392157
1257,1297,1297,1262,1203,1182,1054,145,892.1052631578947,1230.4347826086957
1584,1732,1711,1641,1621,1548,1545,811,1088.6297376093294,1603.6324786324785
1418,1576,1372,1489,1474,1456,1476,1031,980.6569343065694,1382.1664464993396
1105,1113,1113,1097,1014,1069,1000,166,856.0,969.5035460992908
983,983,964,889,915,868,924,165,811.7647058823529,861.4864864864865
1005,1231,1057,1065,1143,1231,1209,129,846.1538461538462,1011.1111111111111
1152,1184,1138,1024,962,1065,1080,177,872.972972972973,922.8571428571429
1142,1247,1159,1186,1238,1247,1155,317,879.4117647058823,1171.0843373493976
926,1005,951,961,959,989,1005,32,821.7391304347826,966.6666666666666
2211,2314,2154,2101,2103,2227,2269,130,1486.4077669902913,2088.8888888888887
2203,2252,2197,2248,2252,2159,2100,446,1269.5652173913043,1724.0740740740741
1426,1504,1419,1465,1504,1472,1456,229,982.7956989247311,1477.9411764705883
1240,1290,1229,1264,1290,1239,1281,482,940.5405405405405,1032.8431372549019
985,1002,923,927,1001,1002,954,19,855.5555555555555,800.0
1260,1476,1399,1221,1347,1362,1410,227,988.1578947368421,1333.3333333333333
1440,1456,1456,1412,1377,1286,1300,835,951.9298245614035,1194.5454545454545
1295,1295,1292,1203,1152,1137,1094,451,872.4137931034483,1054.9618320610687
1628,1680,1629,1571,1615,1680,1633,339,1144.2105263157894,1464.344262295082
1098,1098,1075,964,927,1012,1053,45,865.2173913043479,1404.5454545454545
1868,1868,1706,1750,1777,1763,1737,164,1167.3469387755101,1734.7826086956522
1441,1519,1432,1359,1354,1394,1404,411,1050.0,1130.2114803625377
1480,1532,1487,1530,1532,1418,1404,40,1031.25,1337.5
1793,1805,1800,1762,1805,1690,1662,257,1056.140350877193,964.5
2290,2303,2303,2262,2105,2133,2156,958,1332.7380952380952,1485.0632911392406
1549,1715,1642,1677,1695,1671,1603,156,1160.2739726027398,1316.867469879518
1325,1493,1445,1493,1470,1473,1421,35,1036.6666666666667,1520.0
1909,1909,1800,1759,1795,1818,1755,211,1130.13698630137,1444.2028985507247
1285,1285,1240,1182,1231,1201,1176,46,913.6363636363636,900.0
1075,1180,1139,1058,1120,1127,1113,473,846.6666666666666,1037.2881355932204
1445,1445,1406,1362,1409,1387,1392,1392,927.208480565371,1169.0712353471597
1546,1878,1710,1788,1839,1878,1585,189,1013.5135135135135,1179.4871794871794
2374,2487,2349,2271,2347,2330,2349,1428,1406.5573770491803,1552.5531914893618
1343,1343,1302,1244,1254,1314,1149,454,912.5,957.0048309178744
2246,2270,2270,2236,2204,2164,2022,248,1404.6296296296296,2339.285714285714
1126,1137,973,916,931,971,1081,42,867.5,1150.0
960,1010,1010,856,796,793,857,64,805.8823529411765,848.936170212766
1377,1428,1428,1319,1292,1270,1275,81,944.8979591836735,1215.625
1244,1281,1202,1254,1281,1056,1173,28,1038.095238095238,1214.2857142857142
1230,1372,1246,1231,1189,1136,1172,85,919.672131147541,1487.5
2031,2186,2043,2080,2054,2133,2186,181,1316.4556962025317,2068.627450980392
1210,1235,1205,1235,1202,1113,1075,569,917.1428571428571,1058.2397003745318
1221,1221,1206,1108,1154,1180,1178,115,882.9268292682926,1420.2702702702702
1318,1467,1467,1445,1326,1436,1266,48,1064.7058823529412,1250.0
1477,1487,1454,1361,1411,1355,1385,226,940.6451612903226,1574.6478873239437
1047,1060,1012,1013,1060,982,959,38,852.9411764705883,1085.7142857142858
1579,1764,1424,1532,1634,1643,1727,332,1134.0314136125655,1634.0425531914893
1646,1801,1632,1646,1763,1801,1685,300,1138.5416666666667,1605.3921568627452
1670,1872,1733,1755,1712,1812,1742,588,1113.75,1354.3103448275863
1007,1035,1035,936,835,885,865,132,825.5813953488372,947.1910112359551
1357,1512,1389,1338,1413,1352,1439,201,1031.1926605504586,1563.0434782608695
1800,1800,1788,1684,1702,1631,1681,732,1038.2857142857142,1478.8150807899463
1606,1606,1537,1512,1443,1534,1470,186,1004.4117647058823,1208.0
1284,1284,1148,1175,1227,1194,1236,135,933.3333333333334,1166.6666666666667
1791,1791,1782,1775,1736,1651,1583,191,1071.111111111111,1693.150684931507
1300,1497,1325,1355,1462,1497,1470,1417,959.6774193548387,1392.3866552609068
1044,1136,935,962,1010,1127,1089,214,840.8163265306123,1172.121212121212
1260,1352,1280,1192,1233,1235,1281,136,962.6373626373627,940.0
1634,1813,1685,1699,1711,1656,1725,503,1092.1658986175116,1432.167832167832
1298,1335,1335,1286,1326,1260,1107,382,912.5,1083.5329341317365
1194,1718,1195,1188,1311,1257,1281,1069,1065.7575757575758,1553.1799729364006
1295,1452,1321,1396,1310,1426,1452,88,942.8571428571429,972.0
1003,1177,966,1059,1002,1063,1068,222,852.7777777777778,1096.774193548387
1187,1225,1195,1225,1219,1198,1132,100,868.3333333333334,957.5
973,1214,1004,1127,1085,1104,1052,72,860.0,876.4705882352941
1277,1341,1313,1296,1277,1330,1302,260,898.6486486486486,984.9462365591398
1329,1419,1307,1243,1221,1258,1233,970,921.3675213675214,983.5873388042204
1296,1302,1286,1285,1233,1204,1238,82,916.3636363636364,1251.851851851852
1040,1370,1062,1177,1049,990,1094,58,912.280701754386,1200.0
1102,1425,983,1018,974,960,983,163,841.025641025641,938.7096774193549
1430,1461,1461,1356,1402,1379,1387,369,937.3390557939914,1052.9411764705883
1567,1634,1634,1533,1506,1537,1503,1324,962.4472573839662,1311.9595216191353
1058,1094,1094,1022,1032,1019,1008,136,825.0,1012.9310344827586
1316,1464,1306,1363,1348,1408,1396,85,954.5454545454545,1221.0526315789473
994,1068,1068,944,805,842,902,65,841.1764705882352,920.8333333333334
996,996,983,834,843,832,876,23,840.9090909090909,1100.0
1716,2107,1614,1512,1624,1657,1645,1009,1291.304347826087,1539.3203883495146
1987,1987,1946,1864,1855,1842,1894,355,1103.0674846625766,1693.75
955,955,887,842,705,803,796,26,814.2857142857143,841.6666666666666
1176,1405,1251,1325,1255,1281,1321,142,950.0,1290.625
2217,2357,2316,2210,2237,2187,2192,327,1541.025641025641,2549.7991967871485
1461,1572,1442,1508,1538,1473,1532,153,1007.936507936508,1296.2962962962963
1063,1094,1094,1085,1055,1086,1077,150,846.0,864.0
1134,1290,1128,1268,1218,1285,1245,545,864.3564356435644,957.2072072072073
1275,1377,1252,1264,1257,1181,1114,288,915.4545454545455,1216.8539325842696
1036,1263,1097,1127,1161,1128,1263,155,881.9672131147541,993.6170212765958
1108,1180,1162,1141,1180,1133,1165,548,853.030303030303,1079.045643153527
1095,1156,1134,1156,1153,1100,1087,616,865.1162790697674,992.4956369982548
1520,1520,1344,1323,1296,1255,1238,49,980.5555555555555,1276.923076923077
1223,1322,1274,1264,1224,1322,1184,259,910.0,1039.1061452513966
1947,1979,1979,1955,1882,1841,1769,91,1214.0625,1662.962962962963
2007,2065,2065,1934,1854,1792,1700,53,1210.2564102564102,1307.142857142857
1025,1040,1040,975,974,878,830,245,835.7142857142857,900.9216589861751
1476,1641,1607,1641,1559,1554,1626,136,1094.4444444444443,1277.0
1702,1774,1770,1774,1763,1740,1674,140,1134.8484848484848,1695.945945945946
1310,1668,1367,1394,1369,1279,1203,219,1070.4918032786886,1300.0
1069,1069,1044,1008,939,988,910,132,848.0,936.4485981308411
1590,1827,1670,1668,1707,1753,1645,140,1170.873786407767,1524.3243243243244
1049,1049,1022,1021,787,881,859,46,858.8235294117648,1272.4137931034484
1250,1362,1348,1362,1342,1231,1154,351,939.4736842105264,1305.8181818181818
1066,1066,1022,992,949,926,894,64,814.2857142857143,860.0
1005,1016,858,811,783,782,793,104,839.5348837209302,1034.4262295081967
1485,1605,1514,1561,1542,1534,1441,410,1038.8059701492537,1272.0116618075801
1136,1367,1218,1240,1301,1306,1367,162,883.3333333333334,1147.3684210526317
1914,2033,1891,1863,1866,1881,1914,343,1323.5294117647059,2006.5891472868218
2106,2124,2100,2107,1999,1819,1884,254,1321.875,1421.276595744681
1218,1439,1307,1405,1396,1375,1323,475,938.7755102040817,1148.5411140583553
1799,1834,1801,1795,1781,1781,1766,619,1055.5555555555557,1243.6724565756824
1212,1299,1272,1299,1286,1252,1208,197,916.6666666666666,1077.8947368421052
977,977,943,937,910,924,898,30,815.0,820.0
1560,1560,1490,1423,1436,1356,1393,570,927.34375,1195.9276018099547
1741,1841,1760,1811,1807,1809,1766,1060,1100.4651162790697,1342.3668639053255
1665,1705,1471,1531,1424,1484,1324,796,1080.5194805194806,1482.4756606397775
1457,1498,1355,1414,1498,1322,1359,56,997.3684210526316,1877.7777777777778
1349,1480,1460,1419,1480,1423,1454,1009,914.8648648648649,1094.3089430894308
1451,1528,1413,1369,1494,1528,1464,530,977.0,1242.5581395348838
2271,2271,2145,2131,1922,1953,1872,62,1255.9322033898304,1833.3333333333333
978,1485,1014,1012,948,935,916,116,960.0,994.6428571428571
1052,1099,1061,1076,1083,1078,1080,116,844.4444444444445,997.5
1868,1868,1706,1750,1777,1763,1737,164,1167.3469387755101,1734.7826086956522
2033,2159,2021,2088,2059,2132,2135,1015,1193.5574229691877,1677.8115501519758
1736,1875,1742,1855,1838,1849,1660,310,1143.7956204379561,1113.888888888889
1012,1372,1069,1067,1165,1061,1108,462,845.2991452991453,993.6231884057971
957,980,834,772,872,861,965,158,850.0,952.2058823529412
1385,1500,1405,1369,1365,1382,1434,111,981.3559322033898,1332.6923076923076
1024,1058,988,945,983,1058,954,68,855.5555555555555,1004.0
1082,1169,1050,1049,1000,1064,1085,85,869.2307692307693,1079.6610169491526
2217,2217,2174,2114,2156,2142,2173,375,1292.948717948718,2073.972602739726
1089,1329,1111,1163,1138,1223,1150,505,920.9090909090909,1119.746835443038
1463,1463,1411,1401,1369,1262,1313,298,1014.5833333333334,1326.8
1334,1334,1277,1220,1223,1248,1208,104,918.1818181818181,947.3684210526316
2629,2938,2679,2614,2548,2526,2565,964,1714.0569395017794,2180.0995024875624
1419,1432,1325,1346,1380,1274,1215,479,943.5064935064935,1137.5384615384614
1010,1010,1002,968,949,969,934,49,824.0,1025.0
1947,2016,1897,1916,1944,1902,1843,1188,1201.6,1507.1220930232557
1183,1209,1090,1106,1135,1159,1209,81,871.7391304347826,977.1428571428571
1219,1366,1222,1200,1211,1217,1223,916,873.8317757009346,1000.3708281829419
1284,1481,1381,1367,1348,1315,1314,1003,942.7450980392157,1322.4598930481284
980,1062,1018,1062,1041,1031,1008,230,833.3333333333334,1041.9811320754718
1447,1514,1514,1497,1400,1416,1397,50,1017.9487179487179,1363.6363636363637
1391,1472,1315,1371,1455,1434,1420,360,984.8484848484849,1253.639846743295
969,1252,1021,1068,1023,1131,1113,206,882.3529411764706,1250.7246376811595
1284,1347,1255,1304,1232,1284,1207,447,890.8163265306123,1091.9770773638968
1137,1137,1091,1050,1043,992,1015,65,850.0,994.5945945945946
1459,1660,1604,1550,1567,1577,1644,1006,1007.5757575757576,1308.1683168316831
2087,2210,2152,2109,2026,1952,2000,378,1463.8977635782749,1920.0
2000,2115,1895,1955,1987,1822,1929,192,1278.723404255319,1945.9183673469388
1602,1624,1624,1578,1464,1410,1467,487,1008.641975308642,1481.2307692307693
1369,1369,1315,1347,1271,1243,1275,525,905.4054054054054,1006.8736141906874
1255,1390,1278,1323,1297,1332,1390,41,944.7368421052631,1366.6666666666667
1017,1017,973,961,874,751,758,56,829.1666666666666,821.875
1847,1858,1841,1858,1834,1800,1826,319,1083.937823834197,1605.5555555555557
1283,1505,1434,1455,1469,1505,1398,61,1010.0,1638.7096774193549
1307,1339,1339,1185,1138,1118,1214,80,874.074074074074,988.4615384615385
1464,1464,1454,1439,1405,1354,1362,581,957.2413793103449,1244.4954128440368
1266,1537,1261,1284,1291,1168,1198,584,944.973544973545,1267.8481012658228
1271,1345,1345,1261,1114,1050,1107,222,895.4545454545455,1073.076923076923
1222,1223,1201,1199,1148,1173,1138,147,905.7692307692307,1183.157894736842
2195,2233,2117,2084,2151,2149,2156,352,1375.7575757575758,1467.0454545454545
1271,1279,1214,1167,1261,1234,1199,137,896.1038961038961,926.6666666666666
1263,1311,1311,1270,1212,1148,1163,159,915.0943396226415,1078.301886792453
1315,1328,1328,1255,1286,1293,1300,523,897.4025974025974,1434.4173441734417
1119,1119,1087,1105,1110,1118,1079,54,866.6666666666666,955.5555555555555
1497,1774,1499,1551,1411,1276,1291,768,1142.4460431654677,1284.3304843304843
2715,2730,2730,2678,2560,2511,2579,444,1673.2899022801303,2096.3503649635036
1266,1631,1278,1390,1490,1528,1437,1001,1073.7913486005089,1484.5394736842106
1417,1456,1456,1406,1389,1272,1318,48,984.0909090909091,1550.0
1469,1490,1409,1443,1461,1345,1368,453,1027.5862068965516,1456.989247311828
1341,1341,1258,1127,1075,1129,1077,748,874.074074074074,989.4812680115274
1115,1203,1133,1151,1122,1142,1185,117,864.4736842105264,1082.9268292682927
2270,2270,2211,2216,2172,2098,1913,248,1357.4074074074074,2069.5876288659792
2156,2224,2180,2224,2101,2114,2161,49,1402.2727272727273,1260.0
1160,1390,1126,1190,1230,1216,1265,102,982.6086956521739,972.7272727272727
1204,1204,1184,1057,1028,1041,939,969,850.2762430939226,1046.4467005076142
1272,1272,1216,1147,1141,1145,1177,156,874.2857142857143,1218.1818181818182
1392,1467,1329,1403,1340,1389,1333,1165,926.890756302521,1372.4665391969406
1560,1620,1508,1559,1479,1568,1595,565,1050.0,1434.131736526946
1656,1908,1542,1612,1564,1536,1451,583,1220.5673758865248,1515.9468438538206
1279,1708,1312,1372,1414,1402,1421,489,1075.6830601092897,1410.5691056910568
1391,1446,1364,1399,1446,1346,1265,403,945.3900709219859,1397.328244274809
1151,1278,1177,1190,1278,1261,1119,53,859.2592592592592,1165.3846153846155
1002,1036,1001,1022,998,973,960,523,818.348623853211,925.6038647342995
2002,2101,2020,1937,1954,2056,2026,932,1147.5836431226767,1336.1990950226245
1102,1317,1176,1287,1291,1317,1266,318,885.5072463768116,1334.5381526104418
1669,1669,1591,1488,1408,1474,1494,323,997.0149253731344,1219.5767195767196
1842,1860,1807,1802,1788,1846,1855,498,1124.1545893719806,1542.6116838487972
1521,1550,1550,1444,1350,1396,1307,149,1042.0454545454545,1231.1475409836066
1323,1404,1299,1316,1288,1201,1273,141,933.8983050847457,1295.6521739130435
2080,2080,2061,2028,1969,1958,1923,407,1211.587982832618,1427.5862068965516
1256,1287,1255,1272,1287,1150,1157,446,909.433962264151,1163.1043256997455
1512,1569,1569,1544,1525,1447,1489,244,947.008547008547,1138.5826771653544
985,985,953,909,898,925,916,114,822.5806451612904,969.2307692307693
1609,1609,1525,1446,1506,1566,1509,460,1046.8253968253969,1285.576923076923
1218,1218,1154,1109,1065,1082,1044,561,850.5494505494505,1045.7446808510638
1671,1682,1600,1578,1530,1503,1468,92,1036.4864864864865,1700.0
1020,1189,1137,1161,1189,996,1055,279,848.4126984126984,1101.9607843137255
1294,1381,1313,1359,1381,1334,1326,752,853.5087719298245,1063.4796238244514
1566,1566,1548,1269,1304,1386,1492,35,1052.9411764705883,1900.0
964,1159,1014,1074,1132,1021,1038,48,874.074074074074,885.7142857142857
1279,1279,1194,1260,1243,1188,1150,146,891.7808219178082,1067.123287671233
1781,2018,1793,1822,1772,1857,1906,351,1191.5360501567397,1634.375
1315,1463,1358,1327,1463,1282,1320,95,944.8275862068965,1316.6666666666667
1553,1616,1569,1561,1616,1531,1533,100,1096.6666666666667,1150.0
1237,1258,1258,1212,1157,1159,1167,408,887.5,1022.8658536585366
1666,1799,1685,1682,1641,1547,1573,313,1030.4878048780488,1595.5223880597016
1708,1708,1590,1579,1632,1562,1557,291,1035.0230414746543,1624.3243243243244
1329,1343,1343,1332,1331,1298,1330,258,906.8627450980392,1121.1538461538462
1221,1255,1185,1209,1255,1136,1199,263,884.5238095238095,1062.5698324022346
1404,1431,1394,1427,1313,1195,1164,1699,978.5714285714286,1231.9093851132686
1020,1120,1011,920,918,927,885,240,837.3831775700935,1133.8345864661653
1169,1221,1173,1221,1140,1198,1172,553,856.3025210084033,1016.1290322580645
2017,2053,2053,1982,1972,1920,1936,230,1267.3202614379086,1833.7662337662337
1147,1147,1101,999,910,727,794,48,845.4545454545455,1034.6153846153845
983,1139,1013,1021,1125,1133,1139,20,818.75,1500.0
1242,1242,1118,1131,1187,1093,972,222,852.3809523809524,994.4444444444445
1182,1430,1206,1295,1177,1312,1430,58,1051.4285714285713,1100.0
1334,1351,1351,1299,1264,1226,1158,318,939.0625,1350.7874015748032
1513,1663,1569,1584,1564,1600,1555,1341,1055.860349127182,1337.5531914893618
1362,1488,1356,1378,1394,1399,1237,332,1006.4705882352941,1391.9753086419753
1608,1719,1571,1503,1631,1614,1662,305,1066.2068965517242,1159.375
1551,1870,1531,1485,1606,1722,1722,710,1144.3478260869565,1472.9166666666667
1351,1394,1327,1394,1314,1253,1326,35,969.6969696969697,2500.0
1322,1429,1290,1292,1290,1203,1237,243,953.6585365853658,1066.6666666666667
1409,1761,1378,1438,1339,1261,1264,968,1102.7522935779816,1430.451127819549
1064,1064,1030,1004,998,1023,894,45,848.6486486486486,1050.0
1024,1059,997,1002,1028,1002,973,32,840.9090909090909,1030.0
1069,1540,1157,1097,1113,1021,1128,58,1208.5106382978724,1900.0
1751,1809,1718,1712,1684,1758,1803,264,1036.923076923077,1482.089552238806
1829,2036,2012,2036,1986,1990,1955,443,1330.4635761589404,2234.931506849315
1006,1054,1018,1009,956,938,1054,164,830.6122448979592,961.7391304347826
1270,1397,1360,1366,1337,1335,1361,394,945.2830188679245,1168.131868131868
1344,1451,1382,1338,1275,1328,1370,314,976.6233766233767,1415.6118143459917
1232,1232,1217,1199,1206,1146,1015,213,885.1063829787234,1076.5060240963855
1508,1633,1397,1483,1496,1426,1550,201,1002.3529411764706,1556.896551724138
1107,1119,1101,1082,1046,1029,1119,346,830.9090909090909,994.5017182130584
941,941,918,852,774,873,838,563,807.6923076923077,901.6759776536313
1191,1423,1271,1224,1165,1230,1189,926,962.5954198473282,1193.4591194968552
1211,1227,1224,1227,1199,1190,1119,181,872.5,920.7920792079208
